Product,Total Sales,Average Sales,Total Quantity Sold
Mouse,92433.45,4864.918421052632,103
Laptop,83877.68,4659.871111111111,108
Smartphone,75152.73,4420.748823529411,83
Headphones,56670.259999999995,3541.8912499999997,82
Keyboard,55216.31,3944.0221428571426,75
Monitor,37142.46,2321.40375,81

